0,0,0,0,0,20,20,20,20,20
0,0,0,0,0,20,20,20,20,20
0,0,0,0,0,20,21,19,20,20
0,0,0,0,0,20,21,19,20,20
0,0,0,0,1,19,21,19,20,20
0,0,0,0,2,18,21,19,20,20
0,0,0,0,2,18,21,19,20,20
1,3,1,4,1,1,12,22,29,26
1,2,2,2,3,1,23,26,28,12
2,1,2,2,3,2,22,26,28,12
0,7,9,13,16,23,23,2,3,4
3,8,11,15,14,5,6,10,18,10
2,0,1,2,3,4,26,13,19,30
0,4,4,8,7,13,25,2,21,16
0,2,1,10,4,3,28,21,29,2
1,0,1,2,3,2,15,26,31,19
1,0,4,1,11,22,26,3,1,31
1,0,4,1,11,22,26,4,0,31
1,0,4,1,11,22,26,4,0,31
4,6,11,12,6,16,13,19,5,8
3,6,13,10,16,6,4,20,13,9
3,7,12,11,18,20,5,4,12,8
0,3,1,5,17,0,5,13,29,27
1,1,1,3,2,5,13,26,18,30
0,2,1,2,3,4,13,26,18,31
0,2,5,2,8,5,19,29,26,4
0,3,7,10,10,16,25,6,0,23
3,0,9,7,10,17,26,4,0,24
2,3,6,11,18,15,15,4,1,25
1,2,1,6,2,20,8,23,5,32
4,5,6,11,13,15,19,14,6,7
0,4,8,3,12,14,19,18,10,12
1,0,6,7,8,9,22,27,6,14
2,3,11,2,1,21,26,6,12,16
3,2,11,2,1,21,26,6,12,16
0,0,8,7,5,22,10,6,15,27
0,3,5,5,7,22,10,6,27,15
0,0,7,8,5,22,10,6,28,14
0,0,8,7,6,21,11,14,6,27
0,0,8,5,8,21,11,14,6,27
0,0,6,7,9,22,8,28,14,6
0,0,6,7,9,23,7,28,14,6
0,0,6,7,9,8,23,27,14,6
4,3,8,9,14,18,4,9,15,16
0,7,7,11,14,12,7,4,21,17
2,2,1,14,0,19,4,0,32,26
1,2,3,12,2,21,25,0,0,34
1,7,5,14,14,22,11,16,6,4
2,6,5,14,14,22,11,16,4,6
2,5,3,11,15,10,14,6,23,11
3,3,4,11,16,10,15,4,23,11
2,2,9,5,8,11,16,13,25,9
2,5,8,13,13,21,12,8,0,18
2,4,3,10,16,5,15,10,12,23
2,1,5,8,2,5,6,21,20,30
1,4,8,4,12,13,20,14,18,6
1,4,8,4,12,14,19,18,14,6
0,6,12,7,14,3,21,18,12,7
3,8,3,8,12,9,24,1,14,18
3,3,8,8,12,9,24,1,14,18
3,6,9,15,11,14,4,0,25,13
0,6,9,7,1,9,6,23,26,13
0,2,0,4,0,14,18,2,33,27
1,1,10,4,4,17,5,24,29,5
2,3,8,8,18,8,19,10,18,6
1,5,5,13,4,7,23,15,18,9
1,5,5,13,4,7,23,15,18,9
2,1,4,1,0,10,22,2,30,28
1,0,0,7,9,6,23,19,4,31
1,2,5,13,1,19,26,1,1,31
1,4,3,10,19,14,12,20,13,4
1,4,10,11,4,16,10,23,16,5
3,0,10,0,8,4,1,23,34,17
1,2,9,1,5,0,2,22,34,24
1,2,9,3,6,3,3,22,16,35
1,2,9,6,3,3,3,22,16,35
2,6,6,8,17,20,4,18,13,6
3,1,4,12,17,9,18,17,6,13
0,1,0,14,0,3,5,26,34,17
0,3,2,3,4,8,0,23,25,32
0,3,2,3,4,8,0,23,25,32
0,5,9,8,11,13,14,17,19,4
1,2,4,3,0,18,3,27,33,9
1,2,5,2,0,18,3,27,33,9
0,1,5,7,3,0,6,25,26,27
2,2,1,0,3,21,8,3,33,27
3,8,7,11,10,16,17,8,18,2
2,5,8,12,15,7,12,14,20,5
0,5,4,13,16,4,19,26,6,7
4,8,2,14,13,14,11,20,3,11
2,4,2,7,12,17,13,22,11,10
3,8,1,0,8,0,23,0,32,25
2,4,0,0,3,21,2,10,25,33
1,2,0,4,2,18,26,4,10,33
2,5,10,12,15,9,16,9,18,4
2,2,7,10,18,12,9,17,14,9
1,4,9,6,13,7,17,19,12,12
0,6,9,7,13,17,22,1,14,11
2,3,6,7,12,16,10,12,15,17
0,3,11,8,2,2,18,1,26,29
0,4,10,8,3,1,18,26,1,29
0,3,0,7,3,4,21,26,2,34
4,5,7,12,10,16,11,16,2,17
1,2,1,10,0,0,3,30,33,20
0,3,8,11,2,18,1,2,26,29
1,4,7,8,15,4,11,15,8,27
0,5,9,10,11,9,5,16,23,12
2,4,0,1,1,18,5,27,34,8
1,1,10,2,0,2,0,28,34,22
2,0,10,0,2,0,2,23,34,27
1,0,10,0,3,1,0,22,35,28
0,1,10,2,1,2,21,0,28,35
1,1,9,0,1,4,23,29,29,3
2,1,2,1,8,1,24,28,29,4
2,2,9,10,7,12,10,14,22,12
1,4,4,9,6,9,17,16,13,21
1,3,2,3,7,0,21,1,33,29
2,4,8,8,14,12,3,25,12,12
4,5,2,8,14,18,7,18,9,15
2,3,6,8,5,19,21,8,13,15
0,0,8,12,6,20,3,6,15,30
1,0,1,1,10,1,2,23,27,34
0,4,1,11,16,9,21,26,4,8
0,5,1,15,8,12,9,5,26,19
0,4,2,15,9,11,5,9,26,19
2,3,9,8,17,18,9,11,3,20
2,5,6,11,3,13,25,12,9,14
2,5,6,11,4,12,25,12,9,14
2,6,11,14,10,2,27,11,11,6
0,6,4,8,3,18,13,20,10,18
0,4,3,6,13,4,19,15,28,8
1,1,2,0,2,11,22,0,32,29
1,5,6,11,4,12,8,26,15,12
0,2,8,5,14,4,13,2,32,20
0,1,9,5,14,4,13,3,31,20
0,1,9,5,14,13,2,4,31,21
0,3,4,3,6,2,22,25,2,33
2,8,7,10,15,20,10,18,7,3
4,1,10,5,16,1,26,13,9,15
0,3,9,8,16,2,12,24,13,13
0,4,8,14,0,20,7,6,13,28
2,0,9,4,4,13,14,2,21,31
1,9,0,4,4,2,13,14,22,31
0,2,3,4,7,14,21,28,6,15
2,6,5,11,5,16,18,13,6,18
0,3,5,9,8,15,16,15,7,22
2,2,10,5,13,13,2,0,21,32
1,4,2,3,15,18,8,14,29,6
1,4,2,3,18,15,8,14,29,6
0,1,1,8,16,7,15,28,16,8
1,3,2,2,15,8,6,19,17,27
1,3,2,2,14,8,7,20,16,27
0,4,2,10,0,1,0,24,32,27
0,6,5,12,11,16,17,4,24,5
5,9,11,12,17,21,0,5,15,5
2,4,1,5,15,22,4,6,24,17
2,4,5,15,1,22,4,5,25,17
0,2,3,8,1,2,3,27,33,21
0,4,6,16,12,3,8,8,15,28
0,1,0,5,3,6,24,23,2,36
0,1,5,10,7,18,6,25,22,6
2,0,0,4,4,1,24,26,33,6
0,6,9,1,7,5,18,24,7,23
0,1,6,1,1,10,14,16,22,29
1,3,1,2,0,9,25,0,30,29
0,2,3,0,2,9,25,0,30,29
2,4,5,11,11,13,0,1,32,21
1,5,5,10,11,12,2,0,33,21
1,5,6,9,11,12,2,0,33,21
0,3,0,10,14,4,5,10,29,25
1,3,8,9,13,21,11,7,21,6
1,4,9,11,20,10,14,20,3,8
1,4,6,7,9,12,13,18,22,8
1,4,9,12,12,15,2,25,9,11
0,2,4,1,11,2,14,22,28,16
0,3,3,1,11,2,14,22,28,16
2,7,6,10,13,17,22,12,10,1
3,0,3,10,14,14,22,0,31,3
0,3,8,5,13,18,23,9,12,9
0,4,6,6,13,18,24,7,11,11
1,4,0,12,5,3,25,10,13,27
1,1,4,13,3,9,6,10,26,27
1,1,4,13,3,10,5,10,26,27
1,4,3,2,0,16,11,23,28,12
0,3,7,5,13,13,14,23,8,14
3,3,8,13,16,2,11,8,9,27
1,6,7,8,11,18,20,13,11,5
0,7,8,8,12,18,12,11,20,4
2,0,0,8,2,0,24,27,30,7
0,5,7,11,16,2,10,11,22,16
3,2,4,11,0,17,22,14,1,26
3,3,3,11,0,17,22,14,1,26
1,2,3,8,3,6,24,22,0,31
2,3,9,13,9,8,17,25,2,12
0,0,10,1,4,14,3,31,11,26
0,2,4,4,7,7,21,0,24,31
2,2,2,4,12,15,20,2,28,13
2,2,8,9,14,17,24,9,2,13
2,5,5,6,15,0,27,7,2,31
3,3,11,6,18,20,13,8,15,3
2,7,10,14,19,11,3,11,18,5
1,4,3,12,5,18,13,20,17,7
1,4,3,12,5,13,18,20,18,6
0,0,10,1,4,16,10,1,32,26
1,4,8,12,2,18,8,27,10,10
0,7,5,11,9,20,24,3,9,12
2,2,9,7,5,19,7,13,13,23
1,1,7,4,11,6,15,14,13,28
0,3,4,12,7,9,12,22,3,28
1,5,8,10,12,10,18,26,1,9
1,5,8,10,12,10,18,26,1,9
0,4,5,12,5,17,19,5,18,15
0,4,5,12,5,17,19,5,18,15
0,3,5,7,16,17,20,9,5,18
2,1,4,7,8,2,22,10,13,31
1,3,8,12,15,20,8,14,15,4
2,2,8,7,8,12,10,21,23,7
4,6,4,10,9,1,13,25,19,9
0,4,6,3,13,8,13,11,23,19
1,4,7,0,13,9,15,15,10,26
3,1,6,10,10,13,13,28,13,3
1,3,2,8,12,14,18,6,23,13
4,4,6,6,14,16,18,21,0,11
1,1,0,5,3,4,3,28,31,24
2,0,10,3,15,17,10,18,3,22
2,0,10,3,15,18,9,18,3,22
0,2,7,11,13,3,21,30,7,6
0,2,7,12,12,3,21,30,7,6
0,6,0,11,10,4,22,3,15,29
1,5,9,8,10,12,25,1,20,9
3,5,1,11,16,4,8,22,16,14
3,4,2,12,15,9,14,3,22,16
3,6,3,12,14,13,7,24,0,18
5,6,3,13,17,10,9,8,2,27
0,6,3,4,4,13,15,9,18,28
2,3,3,3,11,12,11,21,30,4
3,7,11,3,7,12,20,31,1,5
0,7,2,6,13,19,14,23,11,5
0,1,9,5,0,12,16,29,20,8
1,0,6,7,12,0,17,29,19,9
0,2,7,10,14,11,21,9,0,26
1,4,4,10,7,5,19,14,21,15
0,4,6,9,16,15,7,16,21,6
1,0,9,4,12,2,8,28,20,16
1,0,9,4,12,2,8,28,20,16
2,1,8,0,2,3,21,4,33,26
0,1,4,4,0,0,24,6,31,30
2,2,7,8,7,16,19,16,16,7
1,0,5,11,19,13,11,29,4,7
0,1,1,6,0,19,27,31,4,11
3,6,7,9,8,18,12,21,1,15
3,6,7,9,8,18,12,21,1,15
2,3,7,6,9,19,17,15,15,7
2,7,10,15,8,10,24,8,12,4
0,0,9,12,5,0,21,17,28,8
3,6,7,10,17,8,0,13,21,15
2,4,9,9,18,9,20,12,1,16
3,2,0,3,8,11,23,15,10,25
1,1,3,2,2,8,3,23,32,25
2,1,0,5,10,20,1,27,30,4
2,2,6,8,10,18,12,23,6,13
1,0,4,5,4,21,26,1,34,4
3,6,5,11,9,17,11,5,23,10
3,0,1,12,14,3,7,7,26,27
0,3,6,4,1,3,18,5,27,33
0,3,6,4,1,3,18,5,28,32
1,1,7,1,4,2,19,27,33,5
2,6,1,4,11,0,20,29,11,16
2,6,1,4,11,0,20,29,12,15
2,6,1,4,11,0,20,29,12,15
0,2,4,12,8,19,2,9,15,29
2,3,9,13,15,9,9,19,17,4
2,3,9,13,15,9,9,19,17,4
1,4,1,8,13,18,12,2,26,15
1,4,1,8,13,18,12,2,26,15
1,6,4,10,15,21,13,3,2,25
0,2,7,0,3,6,17,5,26,34
4,2,11,10,8,11,18,17,16,3
0,6,0,6,19,5,26,30,3,5
1,0,5,6,19,5,26,30,3,5
5,2,0,7,16,17,1,30,12,10
1,3,4,9,2,0,21,0,32,28
1,3,4,2,0,9,21,1,28,31
1,6,5,5,0,20,4,4,25,30
3,0,3,9,15,18,12,8,29,3
1,0,9,14,4,20,13,0,28,11
2,5,8,5,13,18,14,7,5,23
3,2,11,10,13,16,14,9,1,21
3,5,0,14,7,19,8,12,2,30
2,4,8,13,7,11,15,17,19,4
1,3,8,3,1,21,26,17,12,8
1,0,5,7,16,0,26,21,15,9
0,5,4,10,9,16,6,24,14,12
3,2,10,14,8,7,6,1,26,23
2,3,10,14,8,7,6,2,25,23
2,3,10,14,8,8,5,2,25,23
1,4,0,10,18,15,11,1,31,9
0,4,0,10,18,11,15,1,10,31
1,3,9,1,14,13,12,20,0,27
2,1,7,5,1,18,27,5,2,32
0,5,9,10,15,5,22,15,14,5
2,2,7,6,14,10,9,23,15,12
0,0,7,6,16,0,25,8,21,17
1,2,0,9,15,13,21,0,12,27
1,0,2,9,15,13,21,0,13,26
2,5,10,13,3,16,1,20,26,4
2,1,7,5,1,18,3,29,28,6
1,4,9,11,8,18,21,8,5,15
2,4,9,4,6,15,7,14,24,15
1,4,9,11,8,18,8,21,5,15
3,2,1,9,18,11,15,10,1,30
3,2,1,9,18,11,15,10,1,30
2,3,1,9,20,9,10,15,1,30
0,5,9,12,11,9,14,18,19,3
0,5,13,8,8,11,20,19,13,3
2,4,0,10,10,18,2,31,14,9
3,2,8,9,11,13,24,2,12,16
0,3,6,6,2,7,19,4,28,25
1,2,6,5,3,8,18,4,28,25
0,7,0,9,17,16,25,20,0,6
0,1,5,11,15,20,24,16,0,8
1,4,8,13,4,19,20,6,9,16
1,5,7,13,19,4,20,6,9,16
2,2,0,11,10,18,4,11,10,32
1,2,0,10,11,18,5,10,9,34
1,9,11,2,4,22,13,17,14,7
0,3,5,13,9,7,11,19,23,10
2,5,8,6,2,16,22,22,1,16
2,3,2,4,5,7,5,24,19,29
2,4,4,1,5,7,5,24,19,29
1,5,7,1,7,18,3,24,28,6
2,0,7,11,16,14,8,8,14,20
2,0,2,13,10,20,10,11,0,32
2,1,7,0,15,21,10,13,30,1
4,3,1,7,4,7,24,15,28,7
0,5,3,8,13,19,24,8,10,10
1,2,2,14,8,6,25,19,10,13
0,6,2,9,8,2,23,22,14,14
1,0,3,12,10,11,0,19,11,33
1,5,7,4,14,9,2,26,26,6
3,4,6,0,8,5,4,27,26,17
1,2,7,2,17,3,8,4,29,27
0,6,4,3,8,16,3,4,30,26
2,5,6,10,2,17,22,6,2,28
2,5,6,10,2,17,22,6,2,28
0,2,6,12,13,16,20,12,5,14
0,0,8,5,13,21,22,9,8,14
0,4,6,0,0,3,22,9,25,31
0,4,6,0,0,3,22,9,25,31
3,5,5,0,11,3,23,28,15,7
1,3,6,0,0,3,26,21,31,9
2,1,0,11,12,10,19,1,30,14
1,9,8,15,15,14,15,3,1,19
1,5,8,8,16,3,22,4,6,27
0,2,5,15,10,9,28,19,4,8
2,4,6,9,16,5,3,20,28,7
2,5,5,3,2,8,5,16,25,29
2,5,5,3,2,8,5,16,25,29
2,3,5,5,4,17,9,25,28,2
3,4,11,4,11,22,12,25,1,7
2,4,12,12,11,21,23,1,2,12
2,4,12,12,11,21,23,1,2,12
0,1,8,8,15,14,14,8,15,17
1,5,12,11,13,20,24,9,3,2
0,4,3,13,10,13,10,20,22,5
0,4,3,13,10,13,11,19,22,5
0,3,5,1,16,10,10,19,26,10
4,3,9,1,10,0,16,24,8,25
3,0,2,11,3,16,20,10,7,28
1,4,3,11,13,2,24,22,9,11
1,5,10,1,14,5,20,15,13,16
1,5,1,10,14,5,20,15,13,16
2,5,1,6,6,14,7,25,22,12
1,5,1,7,6,14,8,23,16,19
2,4,1,7,6,14,8,16,23,19
4,2,11,12,12,21,22,12,2,2
0,7,6,0,10,16,23,3,27,8
1,5,7,10,15,1,3,6,24,28
1,5,7,10,15,1,3,6,28,24
1,5,7,10,0,16,3,24,6,28
0,1,8,12,8,8,11,23,26,3
0,1,6,1,3,19,3,27,34,6
0,4,8,9,17,11,19,4,16,12
0,4,8,9,17,11,19,4,12,16
1,3,7,4,6,0,18,23,9,29
0,4,8,9,12,16,18,17,13,3
0,4,12,10,11,22,4,12,21,4
3,2,3,12,2,7,11,26,19,15
3,2,3,2,12,7,11,26,19,15
2,1,2,4,8,6,11,22,27,17
0,2,3,5,2,6,17,28,1,36
3,4,6,5,0,18,24,30,7,3
2,0,12,9,7,12,25,1,11,21
2,0,7,6,4,18,0,9,23,31
1,4,4,6,1,7,18,30,22,7
1,0,5,5,17,9,10,20,23,10
1,4,8,8,10,8,10,26,2,23
1,4,10,10,12,21,5,14,2,21
0,1,7,4,6,4,23,15,8,32
2,1,5,13,13,9,18,17,14,8
0,5,3,12,13,12,19,3,14,19
1,1,8,13,14,16,7,5,21,14
2,4,5,3,14,1,8,25,15,23
0,4,6,3,1,14,9,15,24,24
1,5,5,3,14,8,15,1,25,23
2,1,7,0,3,16,8,28,31,4
1,3,8,5,17,0,2,2,29,33
0,4,0,1,5,21,2,6,31,30
1,4,11,13,7,9,16,19,14,6
2,3,11,13,7,9,16,19,14,6
3,4,6,2,6,17,2,22,31,7
1,4,1,8,6,16,23,25,9,7
1,0,8,4,1,4,0,28,33,21
0,4,8,10,9,15,4,13,15,22
0,1,2,9,14,6,6,23,11,28
2,4,6,2,16,7,23,2,30,8
2,4,6,3,15,7,23,2,30,8
0,4,6,2,16,23,7,2,30,10
0,3,9,3,8,13,8,6,28,22
2,1,7,1,0,17,8,4,32,28
1,2,2,3,13,17,20,10,8,24
1,2,2,3,13,20,17,10,8,24
1,2,2,12,4,19,17,24,12,7
1,1,2,9,4,10,27,25,9,12
0,1,2,4,9,10,27,25,9,13
1,4,6,8,14,20,10,2,13,22
4,6,6,12,10,12,5,22,21,2
3,8,7,11,13,9,21,4,20,4
3,9,6,10,12,10,22,5,4,19
3,6,8,12,2,10,23,12,2,22
0,0,9,0,0,18,6,7,33,27
1,5,7,4,2,16,10,25,7,23
2,7,10,10,13,4,20,17,16,1
1,8,8,12,3,21,16,13,15,3
1,2,3,11,3,18,10,26,18,8
1,2,3,11,3,18,10,26,18,8
1,5,5,9,11,16,14,3,17,19
1,5,5,11,9,16,14,3,17,19
0,0,6,1,7,0,22,0,30,34
0,0,7,0,7,0,22,0,30,34
1,2,3,2,6,4,21,27,0,34
1,2,9,10,2,7,25,29,4,11
0,2,9,2,10,7,25,29,4,12
2,3,7,6,18,11,5,0,20,28
3,2,7,6,18,11,5,0,20,28
0,4,3,5,1,21,5,0,26,35
3,6,7,1,15,22,9,3,22,12
3,6,6,2,14,10,21,3,22,13
1,0,5,5,2,0,22,1,33,31
1,2,6,7,14,9,24,11,23,3
1,6,9,14,0,9,26,22,10,3
0,7,10,10,12,17,5,21,14,4
3,4,1,0,13,16,6,21,29,7
0,2,3,2,13,20,5,22,10,23
0,0,6,6,1,1,0,24,32,30
1,2,9,10,8,2,11,5,25,27
0,5,0,11,10,18,17,7,29,3
1,3,2,8,9,4,9,11,27,26
1,5,7,9,12,18,11,16,5,16
2,4,9,11,18,9,18,25,0,4
2,5,1,11,10,6,13,19,15,18
3,1,1,11,10,5,15,18,20,16
2,1,9,11,12,7,2,4,25,27
3,1,9,10,3,12,8,4,25,25
0,4,3,13,15,21,3,8,27,6
1,5,7,13,15,17,19,7,1,15
0,2,3,9,17,0,5,9,24,31
1,3,2,6,17,2,8,10,23,28
1,3,6,10,6,11,14,19,19,11
3,1,9,2,7,4,10,26,26,12
0,6,8,12,6,16,12,20,5,15
1,2,9,11,5,5,26,7,26,8
2,5,2,6,12,11,18,11,13,20
0,0,7,7,15,19,6,10,16,20
0,3,1,1,9,1,0,21,31,33
0,4,4,4,8,22,8,21,0,29
0,4,9,12,13,8,18,18,2,16
0,4,9,12,13,8,19,18,1,16
0,2,1,8,9,5,25,25,9,16
0,5,9,10,18,16,3,4,13,22
1,2,10,10,14,15,3,22,16,7
2,5,0,11,15,5,9,17,23,13
2,3,3,5,10,6,23,0,26,22
2,3,4,4,10,6,23,0,26,22
2,6,7,10,16,2,17,15,3,22
2,3,5,6,5,22,23,7,0,27
2,2,5,11,5,11,13,23,17,11
2,2,3,6,6,9,23,1,22,26
1,1,8,8,1,10,3,27,27,14
0,3,1,4,8,12,16,5,28,23
2,6,7,5,11,12,18,12,4,23
2,4,7,12,16,24,27,2,5,1
0,3,3,12,9,17,9,12,16,19
1,4,2,6,13,0,18,21,28,7
1,1,5,4,0,0,2,25,35,27
1,4,2,6,13,1,17,28,21,7
2,0,8,9,0,3,26,11,30,11
2,0,8,9,0,3,26,11,30,11
2,2,9,0,12,21,5,19,0,30
3,4,9,10,17,12,9,19,16,1
0,1,3,10,16,3,8,23,32,4
2,4,4,0,6,17,23,28,6,10
2,4,4,0,6,17,24,27,6,10
0,4,7,13,3,21,5,0,31,16
0,5,1,4,13,4,11,18,23,21
0,5,1,5,12,4,11,18,23,21
0,2,1,8,2,1,24,24,6,32
0,2,1,8,2,1,24,24,31,7
1,2,9,4,9,0,27,27,8,13
1,2,9,4,9,0,27,26,9,13
1,0,3,11,7,5,17,7,27,22
1,0,4,10,7,5,17,7,27,22
2,0,5,6,4,16,4,24,11,28
0,0,7,3,11,15,7,28,25,4
1,0,9,13,10,20,7,3,29,8
1,0,13,9,10,20,7,3,29,8
2,4,9,5,9,12,9,5,18,27
2,4,9,5,9,9,12,6,17,27
1,3,13,14,15,17,10,17,3,7
2,2,1,15,7,15,16,20,14,8
3,3,9,10,9,10,17,25,4,10
1,0,5,5,5,18,13,24,12,17
1,0,5,6,4,18,13,24,12,17
3,4,0,6,4,19,2,13,26,23
2,6,5,0,4,2,19,13,23,26
1,0,8,11,6,0,21,18,6,29
0,4,3,10,15,5,25,3,31,4
0,0,9,13,11,18,4,28,9,8
1,0,9,11,13,8,0,6,31,21
1,0,7,13,13,1,8,5,31,21
0,0,9,11,19,14,2,9,7,29
2,0,4,5,11,2,14,25,3,34
1,5,1,5,4,21,10,26,10,17
1,2,4,5,4,21,10,26,11,16
2,3,5,1,6,15,21,10,26,11
2,3,1,5,6,16,20,10,26,11
4,1,2,11,11,10,7,16,19,19
0,0,9,13,14,13,15,0,29,7
1,0,9,10,13,19,4,30,8,6
0,1,7,10,15,18,3,11,25,10
0,5,1,6,3,21,18,13,21,12
2,2,2,4,6,16,8,13,26,21
0,0,7,8,12,16,9,17,0,31
5,6,2,14,0,3,23,13,3,31
0,1,5,5,11,5,20,20,13,20
0,5,10,9,12,1,20,4,15,24
0,5,10,9,12,21,1,3,15,24
0,6,6,11,14,16,13,7,23,4
1,6,8,14,8,21,2,3,23,14
0,5,5,6,15,12,12,4,22,19
3,0,8,12,12,1,9,12,25,18
0,6,6,11,14,14,15,7,4,23
2,4,5,0,14,22,2,13,5,33
1,5,3,0,17,6,20,27,8,13
2,5,8,0,3,15,21,29,8,9
0,2,6,4,10,20,9,17,20,12
0,2,6,4,10,20,10,16,20,12
3,1,7,7,13,9,25,22,13,0
0,1,4,7,16,11,3,25,19,14
0,6,9,11,1,20,11,2,18,22
0,6,9,11,1,20,10,3,22,18
0,4,6,12,8,13,1,12,27,17
3,5,8,12,9,12,26,21,1,3
3,4,8,12,11,17,5,21,16,3
2,3,9,11,1,20,3,18,23,10
0,2,2,10,7,4,24,19,15,17
1,5,5,0,11,4,19,21,20,14
0,5,3,0,13,8,17,22,2,30
0,5,3,0,13,8,17,2,22,30
1,3,0,6,16,20,6,30,1,17
1,4,4,1,11,20,17,6,14,22
1,1,8,0,4,16,8,4,25,33
1,0,0,10,15,3,26,9,2,34
0,7,13,8,7,25,15,15,7,3
0,2,9,3,3,22,17,27,7,10
2,4,5,13,2,17,1,28,16,12
1,0,6,11,5,21,0,10,18,28
0,4,6,14,3,3,13,27,0,30
0,3,1,4,17,6,21,0,18,30
1,4,1,10,11,19,9,3,23,19
0,3,5,12,5,1,18,5,29,22
1,1,7,12,12,1,8,4,31,23
1,1,6,13,12,1,9,21,5,31
0,4,2,7,17,9,3,21,5,32
1,1,6,12,1,13,6,9,20,31
0,2,6,12,2,9,11,20,31,7
1,3,5,0,4,19,11,20,24,13
0,5,6,11,0,18,0,22,12,26
1,2,6,12,7,2,12,6,23,29
0,2,9,7,5,3,12,4,26,32
0,5,1,1,13,15,4,27,28,6
0,4,6,3,13,3,26,1,30,14
1,6,1,4,10,21,4,30,8,15
1,2,7,8,10,8,15,9,22,18
3,5,2,13,16,5,17,10,29,0
0,2,6,13,3,7,15,16,29,9
0,3,6,12,3,7,15,16,11,27
0,4,5,3,12,7,15,27,16,11
1,1,7,6,10,8,11,28,13,15
2,1,8,7,14,11,21,8,10,18
1,3,5,6,11,5,26,12,1,30
2,1,10,3,3,18,5,21,33,4
1,2,6,5,11,3,0,27,29,16
1,3,6,4,0,14,10,22,19,21
1,6,3,4,11,17,16,4,23,15
1,2,0,12,18,6,1,8,31,21
1,2,0,12,18,6,1,8,31,21
1,5,4,13,2,20,15,13,1,26
0,5,10,6,5,0,25,14,4,31
0,2,10,0,17,4,22,26,8,11
3,0,11,0,15,20,6,27,10,8
0,5,5,5,0,8,9,30,15,23
0,4,2,3,7,8,14,17,28,17
0,3,9,2,14,8,2,27,2,33
2,0,3,2,5,11,18,21,6,32
1,1,1,10,7,17,20,30,6,7
3,5,1,4,12,14,3,23,7,28
2,6,9,13,13,21,9,1,20,6
0,2,2,12,17,6,9,0,34,18
2,3,3,4,15,10,5,23,8,27
2,3,3,4,15,5,10,22,8,28
0,5,8,10,6,0,4,23,10,34
1,3,9,10,4,13,13,26,17,4
5,3,1,3,13,12,23,27,8,5
1,6,1,4,0,18,21,25,13,11
0,1,6,0,4,18,21,25,13,12
1,4,6,14,4,1,24,2,31,13
0,6,7,13,8,5,25,4,16,16
0,5,9,10,12,4,24,15,16,5
1,5,2,13,11,10,8,19,24,7
2,3,8,11,4,12,14,27,2,17
1,4,8,9,14,14,17,4,3,26
1,0,0,6,14,18,20,11,1,29
4,3,4,11,4,0,14,25,29,6
0,5,9,10,12,22,16,16,6,4
1,10,6,12,14,24,15,6,3,9
0,5,6,14,0,1,22,6,32,14
0,5,7,0,13,2,21,7,13,32
0,0,7,5,17,3,7,14,16,31
0,3,9,5,10,12,22,16,16,7
0,2,0,1,6,15,19,29,20,8
0,2,1,0,6,15,19,29,20,8
0,4,3,6,5,4,2,17,32,27
1,3,3,6,5,4,16,2,32,28
0,0,2,5,17,6,19,20,29,2
1,4,9,8,8,13,23,25,2,7
1,3,8,11,13,13,25,6,5,15
1,3,8,11,13,13,25,5,6,15
0,6,4,10,15,24,5,9,4,23
2,0,2,12,17,0,2,21,10,34
1,3,0,11,17,0,3,8,22,35
0,3,0,6,3,14,17,30,18,9
0,3,0,7,2,14,17,30,18,9
1,2,7,15,13,14,4,26,0,18
1,1,6,5,9,15,1,24,20,18
2,4,1,7,4,16,5,26,3,32
2,4,0,7,15,6,4,27,3,32
0,4,6,10,14,25,23,5,4,9
1,4,7,11,13,14,6,14,25,5
0,3,4,7,6,5,18,15,29,13
3,5,6,11,7,2,0,11,25,30
0,5,7,9,0,22,14,16,25,2
1,4,8,10,14,12,15,25,6,5
0,3,7,11,14,12,5,26,4,18
1,3,9,12,5,13,12,4,15,26
2,2,6,13,0,6,14,7,29,21
0,4,5,1,3,20,18,13,29,7
0,4,5,1,3,20,18,13,29,7
0,4,5,1,3,20,18,28,14,7
3,5,5,11,1,8,25,1,29,12
2,5,9,1,1,8,24,14,19,17
0,0,7,0,8,15,9,18,19,24
0,4,6,1,12,6,6,14,21,30
0,6,4,8,14,4,13,29,19,3
0,7,1,5,7,15,16,0,32,17
1,6,1,5,7,15,16,0,32,17
1,6,7,0,14,15,8,0,31,18
2,2,3,4,3,17,23,3,10,33
1,3,3,2,1,17,22,7,10,34
1,3,8,12,14,24,7,11,14,6
1,3,8,12,14,24,7,12,13,6
2,2,7,12,13,9,10,25,5,15
2,2,7,12,13,10,9,25,5,15
0,3,2,3,9,12,8,2,25,36
2,0,8,5,7,14,12,4,33,15
1,6,6,1,10,11,15,2,32,16
0,4,10,14,9,16,9,9,2,27
0,1,5,6,10,12,15,17,1,33
0,4,7,13,13,14,11,23,8,7
0,0,6,6,0,19,21,21,15,12
0,1,4,6,1,19,20,12,15,22
0,3,4,9,7,0,19,21,15,22
0,0,3,7,10,12,24,1,28,15
3,2,0,14,4,6,13,30,3,25
2,4,4,8,15,19,4,0,20,24
3,1,4,7,15,19,4,2,19,26
2,4,2,5,2,0,16,12,30,27
0,4,7,12,1,5,19,16,28,8
2,4,6,12,15,7,7,23,10,14
3,3,11,14,8,6,6,23,12,14
4,2,10,7,3,8,5,28,17,16
2,4,7,11,15,7,10,8,22,14
2,5,0,8,8,11,18,1,31,16
2,4,7,0,8,13,17,2,32,15
0,6,0,5,7,15,23,11,1,32
0,2,3,11,3,19,15,22,21,4
0,1,6,13,9,13,18,30,3,7
1,0,6,8,13,19,12,28,5,8
2,8,4,18,3,3,28,11,5,18
0,1,5,10,12,4,19,0,32,17
1,5,9,1,17,5,1,20,23,18
1,2,4,5,15,2,9,19,22,21
6,6,11,10,15,6,9,12,23,2
1,5,5,1,0,7,12,30,24,15
0,1,11,5,4,12,18,0,33,16
0,0,7,2,4,0,18,12,31,26
2,0,5,8,6,11,19,17,0,32
1,3,3,8,14,19,3,13,5,31
1,5,9,1,17,20,6,21,3,17
1,5,8,2,17,7,2,17,18,23
2,0,7,13,5,8,19,26,17,3
1,9,9,4,0,14,9,22,28,4
0,10,0,9,11,2,13,24,27,4
0,3,3,12,17,1,22,5,28,9
5,1,7,10,0,6,12,9,28,22
3,0,12,14,5,11,17,7,4,27
3,0,12,14,5,11,17,7,4,27
0,4,4,6,14,2,21,13,29,7
3,0,3,12,17,2,21,27,7,8
0,1,5,4,2,3,23,18,34,10
4,1,7,3,9,12,4,9,21,30
0,1,5,6,13,3,6,26,27,13
2,5,10,12,4,15,25,6,4,17
2,5,10,12,5,14,25,6,4,17
4,1,7,8,3,14,4,8,29,22
1,7,3,8,5,13,8,22,29,4
2,6,10,11,5,14,25,17,6,4
1,1,5,12,17,20,17,18,6,3
3,0,3,14,14,1,22,29,7,7
3,0,7,5,2,4,14,24,12,29
3,0,7,5,4,2,14,24,12,29
2,2,3,10,6,6,16,23,25,7
2,1,5,8,13,8,4,24,27,8
2,3,0,12,7,5,23,25,7,16
3,5,1,8,8,13,5,24,7,26
0,1,5,3,16,0,9,26,13,27
3,8,2,7,14,14,6,27,10,9
0,4,11,8,5,15,11,11,14,21
0,4,11,9,4,15,11,11,14,21
1,4,7,11,6,10,11,15,13,22
2,4,7,10,7,20,10,16,23,1
2,6,2,9,15,16,11,15,21,3
3,4,10,12,18,9,22,15,2,5
0,3,8,8,0,23,21,17,13,7
0,4,6,10,16,2,22,1,19,20
1,0,9,5,13,6,0,25,14,27
0,0,9,5,13,6,0,25,14,28
1,2,7,6,13,8,4,27,25,7
1,2,7,7,12,8,4,27,25,7
2,6,3,13,20,16,9,7,0,24
2,6,3,13,20,16,9,7,0,24
1,1,4,3,8,4,13,14,25,27
1,0,8,6,2,14,14,0,27,28
2,6,6,10,11,7,21,4,29,4
3,5,6,10,7,11,21,29,4,4
0,6,10,7,7,15,15,23,8,9
4,2,1,11,9,22,6,25,12,8
0,0,7,9,5,13,0,25,13,28
0,0,9,5,9,11,0,25,13,28
0,0,7,6,2,15,0,13,28,29
1,5,2,1,10,2,13,3,30,33
0,0,8,12,17,20,5,22,4,12
3,4,9,8,15,11,11,5,19,15
0,3,12,9,14,20,17,7,16,2
2,1,4,3,15,19,4,25,17,10
2,4,0,4,15,4,19,16,25,11
2,0,6,0,10,2,2,13,32,33
0,3,3,3,17,5,24,9,5,31
1,1,3,7,11,13,23,17,6,18
2,4,7,0,13,22,5,7,21,19
3,3,0,8,12,5,8,21,21,19
1,5,7,10,12,14,4,15,25,7
0,2,10,2,1,3,13,29,34,6
0,2,10,2,1,3,13,29,34,6
3,4,10,8,14,13,9,6,12,21
3,6,8,7,17,6,8,11,20,14
2,4,7,13,11,6,23,12,7,15
3,6,8,7,17,8,6,20,12,13
3,6,8,7,17,6,8,20,12,13
3,5,9,7,8,17,12,5,19,15
2,6,3,12,6,22,8,1,21,19
1,4,3,5,7,19,10,13,22,16
2,0,6,0,11,13,1,3,33,31
1,1,8,10,12,20,15,20,9,4
0,1,8,12,10,20,15,20,9,5
0,5,1,9,15,1,23,15,23,8
1,4,4,5,0,1,19,29,10,27
0,3,9,2,4,4,3,18,27,30
0,3,9,2,4,5,2,18,27,30
2,7,5,8,9,5,14,21,17,12
4,4,3,12,6,7,21,23,3,17
3,4,10,5,14,12,5,9,23,15
1,5,10,12,4,15,8,6,16,23
3,6,12,1,14,16,13,5,3,27
2,2,4,0,3,21,9,24,29,6
0,1,7,4,9,14,19,17,10,19
3,6,4,7,15,20,19,1,10,15
0,3,7,9,13,2,20,11,17,18
1,3,9,12,14,4,4,16,28,9
2,3,9,14,12,15,4,28,5,8
1,2,3,12,16,10,8,9,20,19
2,1,3,12,16,10,8,8,21,19
0,1,8,0,12,0,4,11,32,32
0,1,8,0,12,0,4,11,32,32
1,4,8,10,9,23,15,11,7,12
1,4,7,13,13,9,23,11,12,7
1,4,7,13,13,9,23,11,12,7
0,6,4,6,3,9,22,15,21,14
0,3,6,3,13,6,19,19,9,22
0,4,6,1,11,1,19,24,0,34
2,1,5,11,3,15,1,27,2,33
2,1,10,6,4,14,0,28,2,33
3,0,5,7,13,19,5,11,22,15
1,4,8,14,9,3,4,15,25,17
2,3,1,10,4,3,14,4,31,28
1,4,9,12,13,5,15,11,27,3
2,0,4,12,7,20,21,22,4,8
0,4,4,13,7,6,18,23,11,14
1,4,10,2,13,16,13,4,11,26
0,4,4,13,5,8,18,24,10,14
1,5,6,3,15,3,18,9,14,26
1,0,7,4,5,20,0,4,31,28
1,3,10,3,4,13,13,13,26,14
1,1,8,4,11,8,24,13,10,20
2,5,6,3,14,9,18,15,3,25
3,2,8,4,13,14,6,13,9,28
3,3,6,10,11,20,5,19,20,3
3,2,8,4,14,6,14,27,13,9
3,2,9,15,6,2,13,27,14,9
1,1,8,4,9,12,14,22,14,15
1,0,3,9,9,16,12,20,17,13
2,5,6,7,13,13,18,22,0,14
3,4,2,14,8,13,4,28,9,15
0,4,6,12,18,12,7,5,16,20
0,4,6,12,18,12,7,5,16,20
0,6,5,14,4,18,7,26,17,3
1,5,9,13,4,1,16,14,26,11
2,2,10,7,5,12,19,19,4,20
1,2,10,7,5,12,19,19,4,21
1,3,9,7,12,5,19,19,4,21
0,7,4,3,15,4,26,19,15,7
0,6,5,14,5,18,27,4,7,14
3,0,2,11,14,10,2,28,22,8
0,5,4,8,13,8,20,3,23,16
0,5,4,8,14,7,20,3,23,16
1,3,3,7,1,16,10,15,27,17
1,6,10,11,6,20,20,3,3,20
2,2,2,4,10,14,22,9,8,27
0,4,2,6,5,21,14,26,16,6
2,1,3,4,14,10,22,11,27,6
2,1,0,13,17,2,22,7,31,5
1,3,0,12,13,1,22,12,27,9
1,1,7,10,0,20,8,17,15,21
4,4,8,14,7,1,22,16,1,23
1,7,9,12,5,2,22,21,19,2
0,5,4,6,8,15,21,23,2,16
0,5,4,8,15,6,21,24,1,16
7,3,10,3,16,9,6,25,2,19
1,5,0,5,11,17,1,5,23,32
1,0,5,5,12,16,1,5,23,32
2,0,4,8,4,19,9,14,26,14
1,0,4,8,4,19,9,14,26,15
2,3,5,0,17,4,16,9,28,16
2,0,8,4,3,1,2,19,28,33
4,0,0,5,20,5,10,21,1,34
0,3,5,14,6,9,23,26,11,3
1,0,11,11,3,19,12,27,5,11
1,0,1,15,16,21,2,30,7,7
0,2,10,6,9,5,21,10,13,24
0,2,5,11,9,21,5,9,14,24
0,0,8,5,13,22,8,14,24,6
0,5,4,9,10,3,13,19,26,11
2,3,3,6,17,8,16,29,1,15
0,2,10,11,4,12,18,10,6,27
0,3,9,11,4,12,18,10,6,27
0,4,8,11,4,12,18,10,6,27
1,1,8,9,13,20,2,21,18,7
0,2,4,4,11,22,11,27,11,8
1,0,7,10,10,20,25,5,9,13
0,2,3,10,6,22,27,10,12,8
2,0,7,2,12,8,6,18,28,17
2,0,7,3,11,8,6,18,28,17
2,0,7,3,11,8,6,18,29,16
3,6,0,4,3,12,8,19,28,17
3,6,0,4,3,12,8,19,29,16
3,4,8,11,15,1,18,1,30,9
2,0,4,10,2,1,25,9,31,16
2,0,5,10,1,1,25,15,9,32
3,3,8,11,13,4,0,18,10,30
1,1,6,0,15,5,4,22,16,30
1,4,5,7,5,10,9,24,22,13
2,2,6,12,8,13,8,29,0,20
0,0,4,9,14,13,11,3,28,18
2,4,2,9,18,12,12,15,2,24
2,3,11,7,2,21,14,8,1,31
2,6,6,11,16,4,17,25,1,12
0,2,9,6,7,22,7,26,9,12
0,2,9,6,7,7,22,26,9,12
3,6,9,8,5,10,20,25,14,0
3,0,11,3,13,10,18,24,15,3
4,2,10,0,5,17,14,25,9,14
1,7,6,10,3,19,26,0,10,18
0,1,8,1,11,19,22,13,6,19
0,1,7,2,13,18,11,22,6,20
2,0,10,4,13,19,23,10,17,2
0,1,7,1,14,19,10,22,20,6
2,6,4,6,17,4,2,22,30,7
0,2,10,14,18,5,23,20,0,8
1,1,6,13,12,2,22,17,6,20
0,2,6,13,2,11,24,17,5,20
2,1,10,5,5,8,22,12,10,25
0,4,11,11,14,16,3,23,13,5
1,2,1,6,14,17,12,21,21,5
0,2,5,13,1,18,24,0,32,5
0,1,9,2,13,19,24,7,8,17
2,1,6,3,12,7,15,26,8,20
3,4,9,9,8,16,14,16,0,21
1,2,1,6,16,16,13,4,20,21
1,5,4,9,12,12,17,17,21,2
4,0,2,13,1,17,22,5,32,4
0,6,2,10,15,3,0,24,34,6
3,1,9,7,9,3,22,11,25,10
3,1,9,6,10,22,4,25,10,10
0,3,10,4,12,2,24,8,21,16
0,4,2,2,11,19,0,7,28,27
0,7,4,6,17,2,9,25,28,2
0,4,2,10,4,1,17,28,28,6
0,4,2,3,2,10,17,28,28,6
1,4,8,6,15,5,22,0,31,8
1,7,6,5,15,5,22,0,8,31
2,6,6,5,15,5,22,0,8,31
2,2,3,3,11,9,10,20,16,24
2,2,3,3,11,10,9,20,16,24
3,3,2,2,10,6,19,25,1,29
4,1,8,6,7,20,13,9,0,32
1,1,7,3,15,15,23,7,17,11
2,4,8,9,2,8,21,14,10,22
2,6,4,8,16,12,23,11,13,5
2,1,9,10,12,20,2,25,16,3
0,4,0,7,5,14,11,16,27,16
0,0,10,5,0,9,17,0,33,26
1,6,1,10,14,4,26,0,4,34
2,2,0,14,6,6,9,18,17,26
1,0,7,4,15,14,17,24,6,12
2,5,8,1,5,14,15,6,30,14
1,6,4,13,5,17,26,5,11,12
0,0,2,11,6,17,5,0,33,26
0,6,7,6,1,20,4,7,16,33
3,2,8,14,11,20,11,21,3,7
0,4,1,13,6,6,19,25,18,8
3,1,2,8,12,7,5,19,26,17
1,0,0,11,3,9,0,26,33,17
1,1,6,0,10,15,4,2,34,27
1,1,6,0,15,10,7,25,1,34
0,1,6,0,15,10,7,25,1,35
2,2,8,10,20,11,15,23,1,8
1,3,10,7,19,17,11,21,4,7
0,0,11,1,0,15,9,6,35,23
0,4,7,3,17,10,18,8,10,23
0,5,6,11,0,18,17,12,8,23
1,5,4,2,10,14,5,13,15,31
1,7,2,11,8,18,18,22,9,4
3,0,7,12,12,18,1,23,9,15
3,7,0,12,12,18,1,23,9,15
4,4,4,0,11,4,15,28,14,16
1,5,3,11,6,8,5,17,19,25
1,5,5,2,5,4,3,18,30,27
1,5,5,2,5,4,3,18,30,27
2,1,5,13,4,21,15,4,2,33
0,3,10,5,14,2,25,7,1,33
0,5,3,11,6,6,8,24,16,21
0,5,3,12,5,6,8,24,16,21
3,1,0,6,9,16,0,29,30,6
3,6,5,10,10,20,14,9,0,23
2,4,0,9,16,18,12,21,11,7
0,5,5,11,12,1,22,19,18,7
0,7,8,9,1,6,21,22,11,15
2,1,6,12,9,7,0,21,26,16
4,4,7,12,1,21,7,1,18,25
4,4,7,12,1,21,7,1,18,25
0,3,8,9,3,8,21,18,24,6
1,6,1,4,17,4,6,27,29,5
0,4,2,14,0,15,26,0,31,8
2,6,2,3,7,11,19,25,8,17
1,5,8,11,19,7,25,5,1,18
1,0,6,6,3,18,3,6,32,25
0,4,12,5,10,21,23,11,11,3
0,4,12,10,5,21,23,11,11,3
0,6,7,6,1,2,19,28,26,5
2,4,9,11,4,3,15,22,17,13
2,4,9,11,4,3,15,22,17,13
2,1,7,8,9,5,5,20,19,24
1,2,8,7,9,5,5,20,19,24
2,4,7,0,7,13,6,0,29,32
0,5,4,12,3,16,9,28,7,16
1,8,9,4,2,21,7,7,22,19
1,2,8,7,7,7,26,13,11,18
0,4,9,12,15,3,24,13,17,3
2,3,3,10,12,4,16,26,14,10
1,1,5,12,5,2,10,27,20,17
0,6,8,5,1,3,20,4,27,26
0,6,8,6,0,20,3,4,27,26
0,7,7,0,6,3,20,5,26,26
3,3,5,12,5,16,24,20,1,11
2,4,1,14,14,5,21,0,6,33
0,3,5,13,15,7,5,24,14,14
2,3,7,7,3,0,10,6,29,33
0,0,4,5,15,14,23,0,34,5
3,6,4,9,7,20,17,25,0,9
0,5,9,8,1,20,24,5,17,11
1,5,5,9,0,19,20,13,21,7
0,5,8,9,5,1,19,24,19,10
2,1,4,11,5,2,11,19,30,15
3,6,4,12,17,11,24,0,3,20
3,6,4,12,17,11,24,0,3,20
2,1,3,12,11,17,1,20,30,3
4,2,1,13,8,11,2,21,34,4
1,1,11,8,14,19,10,27,5,4
3,4,5,11,16,22,7,0,20,12
3,3,3,12,17,12,5,0,26,19
0,4,9,6,5,15,13,6,23,19
2,2,8,1,5,2,13,6,29,32
2,5,4,9,17,21,13,20,5,4
2,3,2,2,15,11,21,30,8,6
1,0,9,12,9,4,25,7,10,23
1,2,1,5,13,5,18,16,13,26
1,5,2,1,13,6,17,14,16,25
0,5,5,12,17,18,1,23,14,5
1,1,7,13,15,7,22,1,18,15
2,3,7,7,0,15,9,9,31,17
2,3,7,7,0,15,9,9,31,17
0,3,5,1,5,18,11,9,21,27
2,4,7,9,5,4,2,7,27,33
3,2,8,9,5,2,4,27,34,6
5,5,6,4,11,4,25,1,33,6
1,1,6,10,10,18,28,2,10,14
1,6,1,10,10,18,28,2,10,14
2,2,6,7,2,15,7,10,15,34
0,7,10,12,3,5,23,19,16,5
0,0,10,1,14,20,3,18,27,7
0,4,2,0,10,18,1,22,30,13
0,2,1,10,14,2,20,5,26,20
0,1,2,11,12,20,6,2,21,25
0,1,2,11,13,19,2,21,25,6
0,0,2,15,8,3,19,22,24,7
1,1,10,6,10,7,9,23,24,9
1,3,0,5,20,11,18,0,31,11
0,2,3,2,20,14,16,0,31,12
2,4,5,6,2,16,10,8,32,15
0,5,6,8,0,7,9,6,27,32
1,1,5,1,17,13,1,11,17,33
0,2,5,2,16,1,13,11,17,33
3,1,4,13,0,1,18,11,33,16
2,2,0,4,13,1,18,11,33,16
0,2,2,4,12,11,20,18,1,30
2,2,3,0,1,11,14,17,17,33
0,3,3,13,7,6,25,20,19,4
1,4,7,9,10,4,0,26,31,8
0,7,5,12,17,5,23,2,13,16
3,6,5,2,16,9,2,10,33,14
1,1,4,10,10,20,3,5,21,25
2,2,7,5,9,8,9,8,26,24
1,0,4,13,12,17,1,16,34,2
0,5,9,9,15,6,22,13,1,20
2,4,4,7,15,3,13,11,7,34
1,4,5,12,17,0,15,23,16,7
1,3,6,14,1,4,19,24,23,5
1,0,7,10,6,10,23,24,9,10
0,3,5,12,17,15,0,24,9,15
0,3,5,12,17,15,0,24,9,15
0,2,8,15,17,5,17,0,11,25
0,2,1,3,13,16,18,0,29,18
0,3,3,0,13,18,16,4,10,33
2,2,6,9,13,13,23,6,19,7
2,4,6,8,3,10,5,27,30,5
3,4,8,1,17,11,5,1,35,15
2,2,7,9,13,12,24,6,6,19
0,5,6,8,13,0,9,4,31,24
0,1,5,7,10,12,21,9,9,26
2,0,5,2,14,12,21,16,23,5
0,2,5,2,14,12,21,16,23,5
0,1,6,11,5,7,26,31,8,5
1,2,3,0,13,14,19,4,34,10
0,1,5,7,11,19,26,17,2,12
3,1,6,9,16,21,11,6,8,19
1,4,3,10,4,20,1,19,14,24
1,7,9,7,15,0,22,19,18,2
0,3,7,5,17,10,9,21,19,9
2,4,4,4,17,20,12,23,1,13
1,5,9,8,2,3,6,8,31,27
1,4,10,3,7,3,7,7,31,27
0,5,6,0,3,8,13,9,26,30
3,0,10,7,7,17,22,20,8,6
0,0,1,13,14,11,24,28,4,5
0,1,0,13,14,11,25,27,4,5
3,3,3,3,20,19,23,3,14,9
0,4,4,0,13,3,25,11,30,10
1,0,6,12,13,0,12,6,31,19
1,3,8,8,18,21,9,4,7,21
2,4,8,8,3,3,6,28,30,8
0,6,2,1,14,9,8,25,29,6
0,2,0,14,1,12,10,30,25,6
3,5,9,0,14,17,23,1,4,24
0,6,1,12,0,14,11,9,15,32
1,4,2,13,20,0,14,10,3,33
1,4,9,5,1,21,19,14,1,25
1,4,10,2,4,21,0,23,12,23
0,3,3,11,19,5,0,24,25,10
0,2,5,6,10,2,7,31,26,11
0,3,3,7,8,5,10,6,31,27
0,2,4,7,5,8,10,6,31,27
1,4,9,7,16,8,22,5,5,23
0,1,3,4,16,1,13,15,14,33
0,3,4,6,2,10,6,27,33,9
0,3,6,4,18,10,14,23,3,19
3,1,8,4,16,18,20,3,6,21
1,0,6,12,10,18,5,6,9,33
1,0,1,5,12,14,2,17,15,33
0,6,9,2,16,2,15,23,24,3
1,2,8,3,16,19,18,22,3,8
1,2,8,3,16,19,22,18,3,8
2,5,9,16,0,18,16,1,26,7
2,2,7,3,16,19,18,3,8,22
0,3,4,13,10,4,19,10,7,30
0,0,6,13,18,10,6,5,8,34
4,4,6,10,19,7,22,10,16,2
0,4,7,2,4,7,14,18,30,14
0,4,7,2,4,7,14,18,30,14
3,4,6,10,19,7,11,21,2,17
0,2,3,5,5,11,10,28,7,29
2,5,4,4,9,9,11,26,29,1
0,4,7,7,6,17,13,2,25,19
0,1,7,12,11,18,4,7,33,7
3,4,9,6,6,20,22,10,2,18
0,1,7,12,13,15,5,7,7,33
0,0,5,1,15,10,8,17,10,34
1,4,8,13,0,0,13,23,25,13
0,8,0,5,17,2,16,26,8,18
1,3,10,2,4,10,17,23,4,26
1,2,8,9,7,20,18,5,4,26
0,1,7,13,10,4,17,8,7,33
0,1,3,11,2,14,19,7,34,9
0,1,3,11,2,14,19,8,33,9
2,1,10,1,15,3,5,19,34,10
0,2,2,11,3,14,7,9,34,18
3,2,7,4,8,16,21,21,2,16
0,5,8,17,2,6,23,22,13,4
0,1,4,4,6,17,15,28,18,7
2,2,7,4,8,17,21,2,20,17
1,2,7,4,8,17,21,2,20,18
0,3,7,0,14,18,21,9,3,25
1,4,1,14,9,6,9,7,19,30
3,1,9,2,14,5,11,20,4,31
2,3,4,9,13,9,21,21,3,15
2,5,2,3,1,10,26,29,9,13
2,2,1,7,15,18,0,22,10,23
2,2,6,11,0,4,10,23,14,28
0,6,7,14,17,7,1,24,19,5
3,4,0,11,2,9,13,26,28,4
2,6,9,5,7,18,16,11,4,22
0,5,4,6,8,14,23,14,2,24
0,0,8,12,2,16,8,14,8,32
0,1,7,12,2,16,8,14,8,32
0,6,8,7,15,16,0,24,17,7
0,1,4,6,1,20,15,24,19,10
0,2,5,10,4,0,20,27,18,14
3,3,7,8,6,21,17,2,16,17
1,4,0,12,14,3,4,12,18,32
1,0,6,12,13,5,5,16,9,33
0,4,4,10,1,18,14,28,3,18
1,3,5,1,14,17,24,7,7,21
3,4,8,1,16,5,2,12,24,25
1,3,5,2,9,8,4,26,30,12
1,5,9,7,2,12,23,3,30,8
0,9,3,8,12,10,4,5,30,19
0,3,9,8,12,10,4,5,30,19
1,2,6,13,6,15,5,11,9,32
1,5,7,10,14,15,1,15,24,8
0,0,6,6,16,14,12,5,33,8
4,1,3,9,5,19,16,2,30,11
2,0,2,8,0,17,17,27,7,20
2,0,2,0,8,17,17,27,7,20
1,4,1,16,11,8,4,12,9,34
0,5,6,4,2,18,19,14,26,6
3,4,0,6,16,21,22,17,6,5
1,0,8,2,13,16,19,0,33,8
1,3,8,6,12,7,23,16,3,21
4,1,8,9,14,16,1,19,4,24
0,2,5,9,0,13,6,18,19,28
2,5,7,0,15,21,6,18,21,5
0,3,2,11,0,15,18,19,25,7
0,5,0,8,17,0,7,20,30,13
0,3,7,10,5,17,10,24,1,23
0,3,1,7,10,0,9,15,28,27
0,3,7,1,10,0,9,15,28,27
2,4,9,3,10,4,8,28,31,1
3,2,2,11,2,15,17,7,31,10
0,0,2,16,6,13,21,31,3,8
0,5,0,10,1,3,24,33,10,14
1,4,3,12,14,16,5,8,7,30
0,2,5,13,13,16,6,5,8,32
0,4,4,8,0,21,12,6,12,33
1,4,9,4,1,0,26,13,34,8
1,4,9,1,3,1,26,13,34,8
4,0,6,6,0,21,12,6,33,12
0,7,9,1,0,5,20,16,24,18
1,0,9,5,6,15,19,19,2,24
0,2,7,3,6,15,12,20,4,31
2,0,4,12,19,14,25,18,1,5
0,1,9,0,5,20,17,23,19,6
1,1,6,9,7,0,24,20,14,18
3,3,5,11,0,13,21,26,2,16
1,1,5,8,16,12,3,21,2,31
2,4,3,11,14,18,7,1,6,34
0,2,6,2,16,11,5,33,21,4
1,3,10,16,2,19,5,31,9,4
3,7,8,10,6,16,23,3,4,20
0,1,7,9,1,15,18,4,22,23
0,1,7,9,1,15,18,4,22,23
1,4,1,11,15,19,1,7,5,36
1,2,2,10,2,20,16,11,29,7
2,1,3,8,5,21,4,9,32,15
4,0,5,2,8,5,9,20,33,14
2,0,5,0,14,3,26,22,12,16
2,1,0,12,14,8,4,18,9,32
2,3,8,12,2,11,13,22,26,1
1,3,2,0,12,12,23,29,10,8
0,5,5,10,14,17,0,33,7,9
1,3,0,7,13,11,23,2,14,26
1,3,1,7,12,10,13,3,28,22
0,7,2,12,18,14,7,7,1,32
1,4,0,11,4,17,16,8,11,28
0,5,2,0,17,4,27,22,9,14
0,5,2,0,17,4,27,22,9,14
1,3,7,1,3,12,11,22,13,27
2,1,9,5,3,12,22,27,15,4
1,6,2,5,7,13,21,17,23,5
1,2,0,7,14,22,11,2,28,13
2,4,7,8,15,17,25,2,0,20
0,3,5,2,10,13,13,3,30,21
0,3,2,5,10,13,14,2,30,21
0,3,5,2,10,13,13,20,4,30
3,1,2,12,16,4,12,22,25,3
3,1,12,9,17,16,10,28,0,4
0,1,1,6,4,15,21,27,12,13
1,1,1,6,4,15,21,27,12,12
0,1,1,6,4,20,16,27,13,12
0,5,3,2,10,15,18,4,13,30
0,5,5,10,16,0,9,8,14,33
2,2,1,12,16,4,26,13,19,5
2,2,1,12,16,4,26,13,19,5
0,3,4,2,10,14,4,14,31,18
0,4,2,3,10,14,14,4,30,19
0,4,2,3,14,10,14,5,29,19
1,1,9,3,13,15,19,4,6,29
0,4,2,12,9,14,20,3,32,4
3,5,4,8,7,17,0,15,33,8
2,0,6,8,8,16,1,15,11,33
2,0,6,8,8,16,1,16,10,33
2,2,4,8,10,9,19,26,14,6
2,1,4,0,9,13,21,24,11,15
2,1,4,0,9,13,21,24,11,15
1,5,3,8,7,9,20,0,31,16
1,5,3,8,7,9,20,0,31,16
0,2,1,12,14,3,23,10,5,30
0,3,1,10,13,12,4,6,21,30
0,3,12,0,14,13,1,20,31,6
1,3,10,4,16,15,7,2,33,9
2,2,10,4,16,15,7,2,33,9
3,7,3,14,20,0,22,5,17,9
1,2,9,4,17,8,2,12,14,31
0,4,6,10,18,12,5,1,27,17
0,4,6,10,18,12,5,1,27,17
0,4,6,10,18,12,5,2,26,17
4,4,6,13,1,19,22,6,3,22
1,4,2,11,6,16,18,18,1,23
3,4,8,0,13,20,21,5,22,4
1,0,2,6,14,4,26,18,20,9
2,1,10,1,15,3,6,23,29,10
1,6,7,2,9,21,7,1,30,16
2,0,1,10,17,10,5,21,5,29
0,2,0,10,15,4,3,23,10,33
2,1,0,11,16,10,4,5,22,29
1,2,5,0,8,16,10,24,30,4
2,1,5,0,8,16,10,24,30,4
2,2,8,4,12,18,7,2,31,14
0,6,0,2,15,17,4,26,9,21
0,0,0,12,14,20,5,5,11,33
0,1,1,14,4,18,27,9,21,5
1,0,11,6,1,5,12,21,33,10
1,5,2,0,3,15,19,26,8,21
2,2,8,5,3,11,18,29,9,13
2,1,13,7,13,6,2,27,17,12
0,3,6,2,17,17,18,0,10,27
2,6,6,4,15,19,1,29,14,4
1,2,2,8,7,10,24,26,16,4
1,4,7,8,16,20,0,1,34,9
1,6,6,4,15,19,1,29,5,14
1,2,7,4,19,11,3,8,32,13
2,0,0,7,13,19,20,5,10,24
2,5,2,2,4,19,12,5,24,25
2,0,2,3,9,1,15,11,27,30
1,6,6,4,20,0,15,29,15,4
4,5,2,10,19,7,29,14,3,7
0,2,10,6,0,7,18,13,34,10
0,3,0,5,4,20,12,13,32,11
1,2,6,7,18,2,12,9,28,15
4,6,2,9,12,0,27,16,5,19
2,5,5,4,5,8,19,13,11,28
0,1,11,7,6,0,12,12,17,34
0,7,9,6,15,22,0,15,21,5
0,1,0,14,6,22,25,17,5,10
0,2,2,5,19,14,4,25,19,10
0,6,5,7,8,0,14,22,22,16
1,3,4,8,12,10,3,13,29,17
0,4,5,10,5,11,4,13,19,29
0,5,4,10,11,5,3,14,19,29
0,1,2,7,18,15,4,23,21,9
4,5,12,9,14,3,20,27,1,5
3,3,7,14,16,16,25,3,3,10
2,3,7,14,16,16,25,3,3,11
1,2,10,1,11,1,15,5,28,26
1,5,10,13,0,16,19,7,5,24
0,0,6,11,16,10,5,16,7,29
1,9,2,14,2,6,11,20,31,4
0,4,3,1,15,19,6,20,21,11
0,4,1,3,15,19,6,20,21,11
0,7,5,0,14,21,8,7,23,15
0,7,5,0,14,21,9,6,23,15
1,1,9,7,3,17,10,8,18,26
1,1,9,3,15,16,21,9,24,1
1,2,12,9,7,21,18,20,5,5
1,2,12,9,7,21,17,21,5,5
0,4,3,12,5,5,10,29,14,18
0,2,5,12,5,5,10,29,14,18
0,5,4,5,11,10,13,4,28,20
0,3,6,11,3,12,4,13,29,19
1,1,9,5,3,13,3,9,25,31
0,3,3,11,11,22,1,11,4,34
2,5,6,2,8,0,22,12,33,10
1,3,9,0,9,6,23,21,15,13
0,6,6,0,14,7,7,23,22,15
0,1,9,6,2,14,3,25,9,31
2,5,6,1,15,8,19,24,19,1
1,1,1,10,1,16,11,25,26,8
1,3,8,11,3,17,13,1,34,9
1,3,8,11,3,17,14,1,11,31
2,2,10,3,17,7,2,13,11,33
0,0,8,9,3,14,2,15,15,34
3,3,0,14,8,6,16,26,14,10
3,3,0,14,8,6,16,26,14,10
3,1,3,7,14,16,24,6,16,10
1,2,10,10,15,2,2,2,36,20
2,1,1,11,14,14,2,3,27,25
1,4,8,11,13,6,19,7,2,29
1,0,7,5,16,15,9,13,28,6
2,5,3,4,16,10,5,20,28,7
2,5,3,4,15,12,19,28,5,7
3,1,4,1,13,22,19,10,8,19
0,4,9,6,8,13,18,18,2,22
0,5,3,10,9,14,18,17,3,21
0,8,5,6,8,13,18,19,22,1
0,3,2,7,15,19,20,11,18,5
0,3,2,7,15,19,20,17,12,5
1,4,0,2,17,8,25,10,26,7
3,6,7,2,0,14,21,12,16,19
0,7,7,2,0,21,14,12,16,21
3,7,4,13,2,18,13,0,22,18
1,1,3,10,10,1,3,16,21,34
1,1,8,3,3,17,9,25,24,9
0,4,6,10,12,19,20,0,8,21
0,6,4,10,12,19,20,0,8,21
2,5,0,7,14,3,20,16,12,21
2,1,5,5,15,8,16,14,26,8
3,0,5,5,15,8,16,14,27,7
1,6,7,2,4,12,1,23,32,12
0,6,7,2,4,12,1,23,32,13
3,4,7,11,14,6,6,20,1,28
2,3,8,15,9,5,6,1,20,31
2,3,3,14,3,17,13,3,11,31
1,1,8,2,15,18,24,7,16,8
3,2,0,8,17,10,25,27,2,6
2,2,5,13,3,19,3,11,31,11
1,2,4,9,16,1,25,14,10,18
2,4,3,1,16,8,9,17,16,24
2,3,9,2,2,10,1,18,20,33
3,2,9,2,2,10,1,18,20,33
1,2,6,11,11,20,19,1,21,8
3,0,8,1,13,10,19,4,25,17
0,5,8,2,10,3,19,0,31,22
0,2,7,6,17,14,20,8,1,25
2,9,1,4,10,4,21,13,3,33
0,0,7,2,15,3,21,15,27,10
2,4,11,5,12,3,18,5,29,11
0,2,7,14,18,10,24,4,6,15
3,7,5,10,11,6,5,5,28,20
1,1,5,5,16,10,21,5,11,25
1,4,11,4,5,12,17,6,11,29
3,6,4,4,1,6,9,15,20,32
0,2,11,13,4,6,7,27,22,8
1,1,7,11,4,13,22,2,33,6
0,1,7,11,4,13,23,1,33,7
1,0,4,5,8,21,25,9,11,16
2,4,5,3,5,14,7,26,15,19
2,5,4,3,6,13,7,26,15,19
0,2,9,5,16,17,16,9,23,3
0,2,9,5,16,16,17,9,21,5
2,2,8,13,12,6,0,20,29,8
1,5,8,12,11,1,7,7,28,20
0,2,5,9,17,15,17,10,4,21
2,0,9,6,15,17,17,8,3,23
0,4,9,8,4,9,19,10,8,29
2,2,5,7,0,1,23,11,18,31
0,2,0,9,13,13,24,24,12,3
0,6,1,4,6,13,19,27,15,9
5,3,1,8,0,22,11,0,33,17
3,1,7,10,17,11,13,0,17,21
0,2,1,5,17,12,13,2,22,26
1,4,5,4,2,15,8,14,18,29
1,6,2,2,8,15,14,18,29,5
0,7,4,8,4,19,14,5,31,8
0,2,6,16,5,21,11,27,0,12
3,5,0,11,1,20,4,9,32,15
1,3,5,0,5,19,14,7,30,16
3,3,2,11,2,3,20,14,9,33
0,5,9,8,10,3,20,17,25,3
0,4,0,3,2,11,18,25,28,9
0,4,3,0,2,12,17,25,28,9
1,1,5,1,15,20,18,0,27,12
1,2,9,10,15,23,3,3,1,33
1,3,8,10,15,23,3,3,1,33
0,4,9,2,7,14,6,19,5,34
0,5,8,2,7,14,6,19,5,34
0,4,9,7,6,2,14,20,33,5
0,4,8,9,16,2,4,5,33,19
0,4,9,8,0,7,15,5,33,19
1,4,9,2,10,16,15,2,21,20
0,4,0,1,3,12,19,23,9,29
2,1,6,12,12,4,2,23,30,8
2,1,6,12,12,4,2,24,29,8
0,5,7,5,2,8,20,26,12,15
0,4,7,9,2,17,6,5,31,19
1,5,8,15,1,7,5,4,22,32
1,6,7,15,1,7,5,4,22,32
1,5,8,15,1,8,4,4,32,22
3,2,1,12,5,4,12,7,31,23
0,6,8,1,6,16,19,5,5,34
2,3,10,13,1,5,9,22,29,6
3,1,6,11,13,0,24,28,8,6
3,1,10,7,13,0,24,28,8,6
2,0,5,4,9,10,26,27,0,17
2,0,5,4,9,10,26,27,0,17
2,2,1,3,14,15,4,10,21,28
2,1,6,5,13,16,25,4,14,14
0,4,10,9,6,1,26,28,0,16
0,4,0,7,7,1,27,10,27,17
0,4,0,6,8,1,27,11,17,26
1,1,8,11,18,4,3,18,32,4
1,2,7,11,18,4,3,18,32,4
3,1,8,11,5,10,2,21,32,7
0,5,2,7,17,22,3,0,34,10
0,5,7,2,17,22,3,0,34,10
1,3,2,9,10,5,1,26,20,23
0,4,3,8,2,16,2,10,22,33
0,4,7,3,15,4,2,10,22,33
0,0,6,4,17,13,7,15,26,12
1,6,6,8,18,19,13,9,1,19
0,6,5,8,2,19,15,9,14,22
0,3,8,4,2,1,22,17,9,34
1,2,9,9,17,7,20,16,16,3
2,5,7,1,6,11,21,17,16,14
2,9,6,15,18,9,1,20,4,16
0,3,4,9,4,8,0,25,27,20
1,0,12,5,6,12,23,0,10,31
0,0,7,2,16,21,4,9,4,37
0,5,8,1,4,25,10,27,11,9
1,4,3,7,9,0,25,11,30,10
0,3,7,1,11,7,15,12,20,24
2,1,2,9,9,2,11,11,24,29
2,5,9,11,2,22,18,1,25,5
0,3,0,2,12,1,20,26,27,9
2,2,0,12,2,19,1,25,28,9
2,2,0,12,2,19,1,25,28,9
1,7,5,9,13,5,6,2,26,26
1,7,9,5,13,5,7,1,26,26
0,3,0,13,0,20,8,3,27,26
1,2,2,11,1,7,19,27,26,4
1,4,9,4,14,5,24,1,31,7
1,4,9,4,5,14,24,1,31,7
0,0,2,12,1,19,25,0,29,12
0,3,4,15,10,4,3,7,32,22
1,6,10,3,7,17,22,3,13,18
0,3,5,14,4,10,2,8,22,32
0,3,5,13,13,21,2,10,29,4
2,5,0,15,4,10,4,23,32,5
2,4,6,12,1,23,11,3,32,6
1,6,7,9,12,0,10,3,29,23
1,6,4,9,6,18,15,21,1,19
0,4,3,3,10,3,17,21,8,31
3,2,7,5,17,4,19,21,10,12
0,5,8,1,17,6,24,19,7,13
1,3,10,3,15,4,5,4,34,21
1,5,8,12,9,10,0,4,30,21
1,5,9,11,9,10,0,3,30,22
1,3,2,11,15,4,4,6,21,33
2,8,0,5,1,10,11,11,29,23
0,1,5,9,4,9,14,17,25,16
0,6,9,9,5,14,15,17,1,24
0,6,9,9,5,14,15,17,1,24
1,0,6,13,6,12,19,5,5,33
2,4,9,15,6,19,21,1,18,5
3,4,9,15,6,20,1,20,18,4
0,2,5,10,8,17,2,16,24,16
0,1,9,5,9,4,12,22,20,18
0,1,7,4,6,19,7,14,19,23
1,4,3,3,10,5,15,5,32,22
0,4,2,14,5,11,18,8,32,6
2,3,5,13,17,11,23,8,1,17
2,5,6,7,0,15,18,11,8,28
2,2,10,3,3,2,7,17,22,32
1,4,5,6,5,12,23,17,20,7
2,2,2,11,3,2,17,21,31,9
1,3,2,3,2,7,17,22,33,10
0,3,7,12,3,16,22,0,21,16
0,3,7,12,3,16,22,0,21,16
0,3,4,2,11,1,18,6,23,32
0,3,4,2,11,1,17,7,23,32
2,2,6,5,15,20,10,8,31,1
0,4,5,9,2,1,23,18,32,6
0,4,10,16,2,5,22,30,6,5
3,6,3,7,14,20,4,26,7,10
2,3,6,16,6,8,19,4,11,25
0,2,10,4,2,2,22,9,17,32
2,0,11,8,0,11,26,19,17,6
2,5,3,2,11,14,3,21,32,7
3,2,9,15,0,9,23,3,18,18
1,2,8,2,14,23,9,3,20,18
3,2,9,15,0,9,3,23,17,19
2,2,1,4,3,17,10,9,20,32
0,2,4,10,17,11,12,25,18,1
1,0,4,2,4,16,10,22,34,7
4,3,6,10,10,7,21,26,3,10
4,3,6,11,9,7,21,26,3,10
1,2,3,12,5,4,14,4,33,22
1,3,2,12,5,4,4,14,33,22
0,3,6,11,5,0,21,16,14,24
1,2,6,11,5,0,21,24,16,14
2,1,4,0,6,10,19,29,17,12
2,1,4,0,6,10,19,29,17,12
2,0,7,16,11,5,3,24,18,14
0,2,3,5,12,6,12,4,24,32
0,2,3,5,12,6,12,4,32,24
0,1,5,2,16,14,9,14,12,27
4,8,2,5,16,16,24,21,2,2
0,3,6,2,2,15,23,24,9,16
1,0,7,3,3,23,16,7,23,17
1,4,5,4,2,13,16,15,18,22
1,0,9,9,17,21,1,19,3,20
1,0,9,9,17,21,1,19,3,20
1,0,9,9,17,21,1,19,3,20
1,2,2,11,6,4,24,5,13,32
2,2,3,8,13,6,28,20,13,5
1,0,7,2,2,15,8,24,25,16
1,4,6,0,15,9,24,4,20,17
2,6,6,12,9,5,10,4,26,20
1,7,8,11,2,14,19,5,28,5
1,7,8,11,2,15,18,5,28,5
1,7,8,11,2,17,16,5,28,5
1,2,6,0,3,16,24,23,6,19
0,0,4,1,7,16,21,17,9,25
2,2,10,13,0,19,3,8,14,29
1,2,0,3,16,23,24,8,17,6
2,1,1,6,4,13,25,16,23,9
1,3,2,13,10,2,8,20,31,10
2,1,8,6,16,1,6,11,31,18
2,0,11,4,3,3,16,0,33,28
2,1,10,4,3,3,16,0,33,28
0,3,1,6,18,20,18,23,10,1
0,3,1,6,18,20,18,23,1,10
1,2,2,5,18,20,18,23,1,10
1,1,5,4,16,24,23,0,8,18
2,4,5,17,17,12,17,1,5,20
0,6,6,4,15,18,0,10,15,26
1,2,2,13,3,20,10,6,11,32
2,5,6,8,8,16,13,9,28,5
0,3,9,2,4,7,13,19,33,10
0,3,9,4,2,7,13,19,33,10
3,1,9,0,4,1,19,2,29,32
3,1,9,0,4,1,3,19,27,33
3,0,9,10,11,5,14,26,18,4
3,3,1,12,10,2,21,7,32,9
3,4,0,10,2,12,22,31,6,10
1,2,9,0,11,15,26,0,16,20
2,3,6,16,17,17,12,5,1,21
0,3,3,14,9,22,4,11,2,32
3,9,2,1,19,13,7,10,31,5
1,3,9,12,4,4,10,20,32,5
1,6,4,3,1,14,10,28,19,14
1,1,2,2,5,4,18,21,23,23
1,1,2,2,5,4,18,21,23,23
0,2,3,11,5,15,0,3,28,33
2,9,4,14,6,5,16,30,3,11
2,2,0,5,4,12,20,28,16,11
2,2,5,0,4,12,20,28,16,11
0,2,4,6,15,0,8,15,18,32
1,5,8,7,8,17,6,24,16,8
1,5,6,9,14,17,9,5,27,7
0,1,5,8,14,14,7,1,33,17
1,2,7,5,16,18,8,16,4,23
1,4,6,8,17,13,9,5,8,29
1,2,6,6,17,17,8,16,22,5
1,0,7,13,1,20,17,26,3,12
1,0,7,13,1,20,17,26,3,12
3,4,8,7,17,6,21,10,9,15
1,2,1,6,0,13,14,14,20,29
1,5,6,6,9,19,3,26,16,9
0,7,1,2,13,19,2,26,17,13
1,4,9,8,8,6,7,16,22,19
1,4,9,8,8,6,7,16,22,19
1,4,9,8,8,6,7,16,22,19
1,3,0,2,12,6,11,15,22,28
1,1,5,1,14,14,13,20,28,3
1,2,3,2,15,10,22,14,27,4
1,1,12,10,8,1,21,7,33,6
2,3,9,8,17,8,19,5,6,23
1,4,2,4,15,1,10,23,13,27
2,5,3,10,9,9,1,7,21,33
0,0,9,12,10,2,4,24,31,8
1,3,1,2,12,5,15,24,28,9
1,0,3,1,18,20,11,26,5,15
0,2,3,0,21,17,11,5,26,15
1,2,4,4,1,15,11,11,24,27
1,2,4,4,1,15,11,11,24,27
0,5,10,4,7,15,15,9,30,5
0,6,4,9,7,15,15,9,30,5
1,2,2,1,14,16,23,29,3,9
3,0,4,8,10,19,24,8,9,15
1,4,5,13,18,3,1,6,31,18
1,4,5,14,17,3,1,6,31,18
1,4,5,15,16,3,1,6,31,18
1,4,10,8,14,3,6,16,9,29
2,0,3,12,1,6,14,23,11,28
1,1,2,4,5,15,14,27,21,10
1,4,2,6,13,18,6,3,29,18
1,4,2,6,13,18,6,3,29,18
0,5,2,10,6,0,23,11,16,27
0,4,5,14,3,7,0,16,30,21
0,7,5,2,14,3,18,19,1,31
1,7,0,0,17,1,28,24,10,12
2,4,5,2,19,6,3,28,13,18
1,3,5,2,15,7,0,15,31,21
2,9,6,8,5,15,7,6,23,19
0,3,8,10,13,15,8,26,14,3
3,0,9,12,7,8,12,26,20,3
0,2,3,12,1,8,14,27,22,11
0,2,3,0,12,14,22,8,27,12
2,2,4,14,1,16,23,13,0,25
3,1,4,14,1,16,23,13,0,25
1,3,3,1,14,16,23,13,0,26
2,1,6,13,6,12,0,20,6,34
0,1,3,13,5,15,26,27,8,2
1,1,8,7,13,8,25,16,15,6
0,2,4,5,4,22,14,27,9,13
0,2,3,13,8,1,25,14,15,19
0,6,1,5,14,6,0,24,15,29
1,2,7,7,13,8,15,25,17,5
0,4,4,6,3,17,4,29,24,9
0,3,8,12,3,16,18,4,17,19
0,6,6,3,14,18,17,3,1,32
0,2,7,8,2,18,16,13,1,33
2,0,12,13,18,25,1,18,5,6
1,1,12,13,18,25,1,18,5,6
1,1,3,13,16,7,4,26,18,11
1,5,3,0,1,16,8,30,20,16
2,7,1,5,14,12,1,6,19,33
3,0,0,11,1,7,9,15,22,32
0,6,2,4,2,10,14,19,33,10
2,1,7,8,13,8,14,25,4,18
1,2,7,6,14,14,24,9,5,18
0,0,7,7,3,19,2,15,12,35
0,0,8,6,19,3,2,15,12,35
1,1,7,8,16,7,13,25,17,5
0,0,4,3,18,1,5,30,21,18
0,4,7,9,0,14,9,1,26,30
0,4,7,9,0,14,9,1,26,30
1,5,7,2,10,15,16,3,34,7
3,0,6,7,14,17,21,9,4,19
2,4,10,12,20,0,16,5,7,24
0,5,4,2,8,16,1,20,13,31
1,4,3,10,6,0,17,10,18,31
0,8,4,9,2,1,12,24,30,10
3,0,0,10,17,2,18,31,4,15
2,1,4,3,8,0,19,30,17,16
2,4,2,2,8,0,15,16,20,31
1,4,6,1,13,9,1,19,19,27
1,2,8,6,12,7,2,24,8,30
2,4,6,9,9,9,21,25,2,13
2,8,6,13,9,13,25,3,1,20
0,5,6,13,3,21,8,6,5,33
2,1,1,8,10,13,1,9,24,31
2,1,1,8,10,1,13,9,24,31
4,1,3,13,8,7,4,20,34,6
3,1,3,13,8,4,7,20,34,7
1,0,8,1,11,24,14,1,31,9
1,4,3,0,17,3,8,21,31,12
5,4,0,4,14,4,9,6,19,35
2,2,1,4,5,2,15,20,15,34
2,2,1,4,5,2,20,15,15,34
3,2,1,4,6,2,19,15,33,15
1,3,1,6,7,15,2,21,29,15
0,7,4,4,0,20,15,1,34,15
0,4,7,4,1,19,15,1,34,15
1,1,4,8,6,4,27,16,22,11
1,0,4,9,5,17,4,26,20,14
3,3,5,0,3,19,5,32,16,14
0,4,7,7,13,1,6,9,23,30
0,2,7,14,18,6,10,3,5,35
2,2,8,4,15,4,17,9,5,34
3,3,5,1,3,18,5,14,14,34
0,7,6,9,12,10,26,25,2,3
3,4,10,1,6,11,25,26,1,13
1,3,1,9,2,12,15,1,35,21
0,5,6,6,11,8,11,1,28,24
2,5,1,7,7,15,5,18,14,26
0,4,7,3,2,18,15,1,16,34
2,0,7,5,16,17,8,4,35,6
0,1,10,2,1,13,25,7,32,9
1,7,1,9,6,22,11,8,8,27
1,7,1,9,6,22,11,8,8,27
1,2,3,8,2,19,2,14,14,35
1,1,1,10,13,8,8,30,22,6
2,3,0,9,4,14,19,1,32,16
0,4,7,3,3,17,16,0,33,17
0,4,2,8,3,13,20,14,1,35
3,1,5,12,9,6,21,28,8,7
3,1,6,11,9,6,21,28,8,7
2,0,5,10,14,4,10,22,11,22
1,0,0,11,11,10,9,3,22,33
1,0,0,11,11,9,10,3,22,33
1,1,5,4,4,14,12,25,25,9
1,4,8,1,3,17,18,0,35,13
2,3,8,1,3,17,18,0,35,13
2,5,6,2,5,5,16,12,25,22
0,2,3,6,9,18,14,17,0,31
2,0,3,6,9,18,17,14,0,31
0,1,5,13,12,16,24,22,4,3
0,1,5,14,11,16,24,22,3,4
2,0,5,6,12,11,26,21,5,12
0,5,9,5,15,5,22,0,14,25
1,1,0,8,16,6,9,8,19,32
0,1,0,8,16,6,8,9,19,33
0,7,9,13,2,21,7,10,24,7
1,5,10,4,18,18,10,28,1,5
1,1,8,0,17,6,8,8,32,19
0,3,7,4,11,3,10,9,30,23
0,4,7,9,4,3,11,9,30,23
0,4,6,4,3,9,12,23,9,30
2,0,6,4,18,14,14,14,26,2
1,3,11,6,2,14,13,26,20,4
0,3,2,4,11,12,16,4,36,12
0,3,2,4,11,16,13,3,36,12
0,3,6,1,15,3,23,16,13,20
0,1,4,5,15,3,23,16,11,22
1,4,9,3,16,21,0,27,16,3
1,1,6,8,16,18,26,2,17,5
1,2,6,12,12,7,18,4,32,6
1,3,5,0,15,3,18,0,32,23
2,2,7,2,11,10,5,8,30,23
2,2,6,3,16,3,20,19,3,26
1,5,3,3,1,14,18,24,0,31
0,3,8,2,7,15,6,19,33,7
1,0,7,3,15,19,6,25,12,12
1,0,7,3,15,19,6,25,12,12
0,2,9,3,0,21,27,15,18,5
2,2,9,3,16,6,0,20,27,15
3,4,4,1,1,22,14,1,31,19
1,4,4,0,16,3,17,2,32,21
0,4,2,11,11,4,7,22,9,30
3,0,6,12,5,13,14,23,19,5
2,2,2,6,6,9,24,31,10,8
1,7,4,6,17,8,22,25,0,10
1,7,6,4,17,8,22,25,0,10
1,4,11,5,9,13,26,0,13,18
1,3,6,8,17,20,7,27,11,0
1,3,6,8,17,20,7,1,27,10
2,3,0,10,17,21,2,3,27,15
0,4,0,10,2,21,16,3,28,16
0,5,3,7,10,18,23,5,3,26
0,0,4,11,1,20,5,16,16,27
0,3,7,11,5,13,14,21,22,4
0,4,6,11,5,13,14,21,22,4
0,3,9,0,10,5,24,30,12,7
1,4,8,2,12,6,20,23,10,14
1,4,8,2,12,6,20,23,10,14
0,3,4,0,10,17,4,29,15,18
0,2,3,2,10,18,17,2,18,28
1,3,2,10,3,17,15,29,18,2
1,1,2,11,3,14,17,28,20,3
1,3,3,10,5,19,14,5,32,8
1,4,3,10,16,16,28,0,4,18
0,4,10,0,12,6,20,16,9,23
0,4,10,0,12,6,20,16,9,23
1,4,6,12,12,0,6,18,11,30
0,5,6,5,17,8,23,21,12,3
0,4,10,12,6,0,21,23,8,16
2,3,2,3,15,9,22,26,3,15
0,3,6,8,5,9,10,12,24,23
1,7,0,7,12,19,14,13,24,3
1,1,2,0,18,12,15,21,27,3
1,0,7,12,19,13,14,25,2,7
1,3,4,14,20,14,0,25,3,16
2,0,1,11,15,17,3,29,2,20
3,4,9,11,0,1,24,6,9,33
2,4,9,11,0,1,24,6,9,34
1,0,2,0,19,13,13,28,18,6
1,4,5,0,9,10,25,29,8,9
1,4,5,0,9,10,25,29,8,9
1,1,9,11,17,4,8,29,11,9
1,4,4,1,4,14,20,23,15,14
2,3,4,1,4,14,20,23,15,14
0,4,7,3,11,6,9,0,26,34
0,0,2,1,11,20,14,28,19,5
0,2,8,3,9,19,11,15,27,6
0,2,3,9,7,21,5,7,30,16
2,4,6,4,9,22,16,7,1,29
1,1,8,9,3,20,10,15,6,27
0,2,8,9,13,6,12,18,1,31
1,4,9,5,0,9,26,28,9,9
1,3,7,15,4,14,0,19,15,22
1,3,7,15,4,14,0,19,15,22
2,2,7,0,14,5,14,19,15,22
3,0,7,4,11,5,0,10,25,35
2,2,8,1,3,7,10,26,33,8
1,0,0,13,16,17,4,28,4,17
1,4,1,5,16,17,12,24,1,19
1,6,3,8,10,2,7,28,10,25
2,3,0,12,1,17,16,18,27,4
3,2,0,12,2,16,16,18,27,4
0,3,3,5,11,0,26,11,34,7
0,3,0,12,0,20,15,29,3,18
2,5,0,4,4,16,19,26,5,19
2,8,4,7,5,1,23,10,9,31
2,8,4,7,5,1,23,10,10,30
0,2,10,6,8,4,22,9,7,32
0,4,6,11,11,22,17,19,6,4
2,1,8,7,7,3,18,10,34,10
2,0,9,8,3,6,18,10,34,10
0,6,5,3,12,5,23,14,20,12
1,5,5,3,12,5,23,14,12,20
2,5,4,0,13,20,15,17,1,23
0,4,0,9,16,5,19,16,26,5
0,3,1,9,5,16,16,19,26,5
0,6,6,1,14,6,12,23,12,20
1,4,4,6,4,16,11,9,23,22
0,0,7,10,15,15,19,5,26,3
0,3,7,12,14,15,0,18,25,6
0,4,7,12,14,0,19,22,8,14
2,3,5,2,2,20,19,13,22,12
0,4,4,6,4,16,11,23,23,9
3,2,3,4,6,17,15,28,3,19
1,5,0,12,6,20,12,0,14,30
0,5,1,10,7,19,13,0,15,30
1,0,9,7,7,18,12,12,29,5
1,0,9,7,7,18,12,12,29,5
1,0,10,8,4,19,12,32,5,9
1,0,9,7,6,13,18,30,4,12
2,0,4,9,18,9,1,28,14,15
1,0,4,9,18,9,1,28,14,16
3,6,1,9,9,10,1,11,17,33
3,0,6,11,8,0,9,11,18,34
2,2,8,14,9,17,4,0,32,12
2,2,8,10,14,16,4,0,32,12
1,0,4,9,15,18,10,1,26,16
2,7,11,0,8,19,13,3,16,21
1,0,6,11,11,7,14,0,21,29
1,6,0,5,15,19,11,22,20,1
1,1,8,7,11,25,7,1,34,5
1,8,9,13,17,11,28,1,5,7
0,4,6,8,12,20,0,7,33,10
0,7,0,10,0,19,12,9,13,30
2,5,4,7,16,21,1,19,23,2
1,1,4,12,15,11,1,22,26,7
1,2,3,12,15,11,22,1,26,7
1,3,2,13,14,11,22,1,26,7
1,7,9,9,11,13,4,2,18,26
2,0,6,2,11,17,21,16,0,25
2,2,9,11,13,15,1,4,32,11
1,0,5,12,14,19,25,3,16,5
1,9,5,14,17,3,7,4,27,13
1,6,9,13,17,3,7,4,27,13
1,6,10,12,17,3,7,4,13,27
1,4,3,6,2,6,8,9,27,34
1,3,13,15,8,5,12,21,18,4
2,1,3,13,4,11,14,21,26,5
1,4,0,7,16,5,12,25,7,23
1,6,4,4,3,6,17,11,24,24
2,5,4,4,3,6,17,11,24,24
2,0,7,10,5,11,21,13,26,5
2,0,6,5,12,11,12,21,25,6
3,2,6,5,11,18,19,23,0,13
2,4,12,6,3,1,15,29,13,15
3,2,7,10,15,5,0,30,13,15
2,0,6,11,12,3,22,15,3,26
1,7,8,13,12,9,4,2,17,27
2,2,5,13,17,1,14,23,20,3
0,2,4,14,16,12,3,19,25,5
0,5,1,15,15,10,20,25,4,5
4,2,8,16,0,13,17,28,3,9
3,3,7,0,16,11,6,26,6,22
1,3,9,6,16,9,24,8,0,24
3,3,9,5,17,12,2,4,16,29
2,2,1,11,2,17,16,14,8,27
1,8,4,8,18,7,20,21,9,4
1,2,5,13,14,20,4,11,23,7
2,2,8,9,4,15,0,20,29,11
1,2,9,1,13,4,4,26,30,10
2,2,9,8,15,4,0,18,14,28
2,2,9,10,0,2,15,18,13,29
2,2,9,10,0,7,10,1,28,31
3,3,8,11,2,13,13,30,2,15
0,3,5,16,13,9,21,3,7,23
0,2,6,11,14,19,14,2,7,25
2,2,3,12,6,18,22,14,17,4
2,3,2,12,6,18,22,14,17,4
2,0,6,12,12,20,25,2,13,8
2,0,6,12,12,20,25,2,13,8
2,4,9,3,8,17,21,20,7,9
0,5,1,3,14,9,9,23,12,24
2,4,7,2,15,9,3,13,17,28
0,6,0,14,3,9,9,23,24,12
0,5,4,7,8,15,22,0,24,15
1,1,6,11,15,18,15,7,1,25
0,1,6,11,15,18,15,7,2,25
1,3,9,12,2,0,26,6,9,32
1,7,1,4,13,4,26,12,29,3
2,7,4,12,4,11,11,16,29,4
2,4,3,4,4,13,20,19,11,20
0,1,9,5,19,5,7,20,14,20
2,4,3,3,3,20,12,13,20,20
2,4,5,7,8,16,6,20,23,9
3,0,10,7,11,21,16,2,23,7
0,4,5,9,3,0,10,31,28,10
0,2,6,4,11,7,0,28,31,11
4,4,8,13,7,17,15,2,2,28
4,4,9,5,14,17,15,2,1,29
2,5,3,13,19,19,20,12,5,2
1,0,7,4,11,15,21,20,13,8
2,5,8,6,4,20,22,10,18,5
0,3,10,8,10,21,2,7,22,17
0,3,10,8,11,20,2,7,22,17
1,5,0,10,18,15,6,2,17,26
2,2,0,8,10,14,12,23,24,5
2,4,4,3,0,7,11,30,28,11
2,7,0,14,14,17,15,5,0,26
0,3,3,3,6,5,10,11,34,25
0,5,10,0,5,19,15,16,3,27
0,5,4,6,0,21,22,23,14,5
0,3,10,4,8,0,12,27,31,5
1,3,6,13,10,6,1,30,17,13
1,3,6,14,9,6,1,30,17,13
0,2,5,10,9,9,4,0,33,28
4,1,8,10,12,23,16,2,19,5
2,0,8,12,15,14,21,1,20,7
1,5,2,12,16,3,19,11,7,24
1,0,8,12,14,0,20,15,1,29
1,0,9,11,14,0,20,15,1,29
1,5,3,11,17,2,19,24,11,7
1,5,12,2,17,2,20,23,7,11
1,5,12,2,17,2,20,23,7,11
0,4,8,0,6,12,2,29,11,28
0,4,5,14,2,13,3,16,15,28
1,6,0,13,5,16,10,5,19,25
1,3,6,1,13,1,9,7,25,34
0,3,6,14,10,1,17,7,31,11
0,2,6,5,15,19,20,7,2,24
0,5,5,12,14,3,17,15,1,28
3,4,8,3,4,14,22,19,7,16
0,4,8,0,6,12,3,26,14,27
0,6,3,10,17,9,5,19,25,6
0,6,3,10,17,9,5,19,25,6
2,5,6,7,18,9,6,6,24,17
2,2,3,10,8,9,4,2,32,28
0,4,5,1,14,10,8,17,10,31
0,4,5,1,14,10,8,17,10,31
2,5,2,6,15,17,21,10,17,5
2,2,0,5,19,17,23,12,9,11
2,0,2,4,20,17,24,11,9,11
1,0,5,5,2,19,12,18,14,24
1,0,5,5,2,12,19,19,13,24
0,3,5,5,14,9,20,20,20,4
